what,kind,bundleId,bundleVersion,description,time
started,bundle,org.eclipse.ui.forms,3.5.100.v20110425,"org.eclipse.ui.forms",1329986842384
started,bundle,org.eclipse.ui.ide,3.7.0.v20110809-1737,"org.eclipse.ui.ide",1329986842384
started,bundle,org.eclipse.ui.net,1.2.100.I20110511-0800,"org.eclipse.ui.net",1329986842384
started,bundle,org.eclipse.ui.views,3.6.0.I20110412-0800,"org.eclipse.ui.views",1329986842384
started,bundle,org.eclipse.ui.views.log,1.0.200.v20110404,"org.eclipse.ui.views.log",1329986842384
started,bundle,org.eclipse.ui.workbench,3.7.0.I20110519-0100,"org.eclipse.ui.workbench",1329986842384
started,bundle,org.eclipse.ui.workbench.texteditor,3.7.0.v20110505-0800,"org.eclipse.ui.workbench.texteditor",1329986842400
started,bundle,org.eclipse.update.configurator,3.3.100.v20100512,"org.eclipse.update.configurator",1329986842400
started,bundle,org.eclipse.update.core,3.2.500.v20110330,"org.eclipse.update.core",1329986842400
started,bundle,org.eclipse.update.scheduler,3.2.300.v20100512,"org.eclipse.update.scheduler",1329986842400
started,bundle,org.eclipse.wst.common.project.facet.core,1.4.200.v201103170332,"org.eclipse.wst.common.project.facet.core",1329986842400
started,bundle,org.eclipse.jst.common.project.facet.core,1.4.200.v201103170302,"org.eclipse.jst.common.project.facet.core",1329986842400
started,bundle,org.eclipse.jst.ws.jaxrs.core,1.0.301.v201108240656,"org.eclipse.jst.ws.jaxrs.core",1329986842400
started,bundle,org.eclipse.jst.ws.jaxws.utils,1.0.0.v201004171919,"org.eclipse.jst.ws.jaxws.utils",1329986842400
started,bundle,org.eclipse.pde.launching,3.6.0.v20110506,"org.eclipse.pde.launching",1329986842416
started,bundle,org.eclipse.pde.ui,3.6.100.v20110603,"org.eclipse.pde.ui",1329986842416
started,bundle,org.eclipse.wst.web,1.1.500.v201104251400,"org.eclipse.wst.web",1329986842416
started,bundle,com.google.gdt.eclipse.designer,2.4.2.r37x201110181239,"com.google.gdt.eclipse.designer",1329986842416
started,bundle,com.google.gdt.eclipse.designer.GXT,2.4.2.r37x201110181249,"com.google.gdt.eclipse.designer.GXT",1329986842416
started,bundle,com.google.gdt.eclipse.designer.SmartGWT,2.4.2.r37x201110181249,"com.google.gdt.eclipse.designer.SmartGWT",1329986842416
started,bundle,com.google.gdt.eclipse.designer.UiBinder,2.4.2.r37x201110181239,"com.google.gdt.eclipse.designer.UiBinder",1329986842416
started,bundle,com.google.gdt.eclipse.designer.hosted,2.4.2.r37x201110181233,"com.google.gdt.eclipse.designer.hosted",1329986842431
started,bundle,org.eclipse.wb.core,1.2.0.r37x201109270310,"org.eclipse.wb.core",1329986842431
started,bundle,org.eclipse.wb.core.lib,1.2.0.r37x201109270310,"org.eclipse.wb.core.lib",1329986842431
started,bundle,org.eclipse.wb.discovery.core,1.2.0.r37x201109270333,"org.eclipse.wb.discovery.core",1329986842431
os,sysinfo,,,"win32",1329986842447
arch,sysinfo,,,"x86",1329986842447
ws,sysinfo,,,"win32",1329986842447
locale,sysinfo,,,"en_US",1329986842447
processors,sysinfo,,,"2",1329986842447
java.runtime.name,sysinfo,,,"Java(TM) SE Runtime Environment",1329986842447
java.runtime.version,sysinfo,,,"1.7.0_02-b13",1329986842447
java.specification.name,sysinfo,,,"Java Platform API Specification",1329986842447
java.specification.vendor,sysinfo,,,"Oracle Corporation",1329986842447
java.specification.version,sysinfo,,,"1.7",1329986842447
java.vendor,sysinfo,,,"Oracle Corporation",1329986842447
java.version,sysinfo,,,"1.7.0_02",1329986842447
java.vm.info,sysinfo,,,"mixed mode, sharing",1329986842447
java.vm.name,sysinfo,,,"Java HotSpot(TM) Client VM",1329986842447
java.vm.specification.name,sysinfo,,,"Java Virtual Machine Specification",1329986842447
java.vm.specification.vendor,sysinfo,,,"Oracle Corporation",1329986842447
java.vm.specification.version,sysinfo,,,"1.7",1329986842447
java.vm.vendor,sysinfo,,,"Oracle Corporation",1329986842447
java.vm.version,sysinfo,,,"22.0-b10",1329986842447
started,bundle,org.eclipse.m2e.usagedata,1.0.100.20110804-1717,"org.eclipse.m2e.usagedata",1329986842462
deactivated,workbench,org.eclipse.ui.workbench,3.7.0.I20110519-0100,"",1329986843944
started,bundle,org.eclipse.wb.discovery.ui,1.2.0.r37x201109270333,"org.eclipse.wb.discovery.ui",1329986845270
activated,workbench,org.eclipse.ui.workbench,3.7.0.I20110519-0100,"",1329986870345
executed,command,org.eclipse.ui,3.7.0.I20110602-0100,"org.eclipse.ui.file.import",1329986870376
opened,editor,org.eclipse.jdt.ui,3.7.1.r371_v20110824-0800,"org.eclipse.jdt.ui.CompilationUnitEditor",1329986872825
activated,editor,org.eclipse.jdt.ui,3.7.1.r371_v20110824-0800,"org.eclipse.jdt.ui.CompilationUnitEditor",1329986873137
activated,editor,org.eclipse.jdt.ui,3.7.1.r371_v20110824-0800,"org.eclipse.jdt.ui.CompilationUnitEditor",1329986874323
deactivated,workbench,org.eclipse.ui.workbench,3.7.0.I20110519-0100,"",1329986875228
activated,workbench,org.eclipse.ui.workbench,3.7.0.I20110519-0100,"",1329987182469
activated,editor,org.eclipse.jdt.ui,3.7.1.r371_v20110824-0800,"org.eclipse.jdt.ui.CompilationUnitEditor",1329987255602
activated,editor,org.eclipse.jdt.ui,3.7.1.r371_v20110824-0800,"org.eclipse.jdt.ui.CompilationUnitEditor",1329987267114
activated,editor,org.eclipse.jdt.ui,3.7.1.r371_v20110824-0800,"org.eclipse.jdt.ui.CompilationUnitEditor",1329987278736
executed,command,org.eclipse.ui,3.7.0.I20110602-0100,"org.eclipse.ui.file.save",1329987314523
deactivated,workbench,org.eclipse.ui.workbench,3.7.0.I20110519-0100,"",1329987798451
activated,workbench,org.eclipse.ui.workbench,3.7.0.I20110519-0100,"",1329987817077
deactivated,workbench,org.eclipse.ui.workbench,3.7.0.I20110519-0100,"",1329987818597
activated,workbench,org.eclipse.ui.workbench,3.7.0.I20110519-0100,"",1329987820080
deactivated,workbench,org.eclipse.ui.workbench,3.7.0.I20110519-0100,"",1329987820361
activated,workbench,org.eclipse.ui.workbench,3.7.0.I20110519-0100,"",1329987823624
deactivated,workbench,org.eclipse.ui.workbench,3.7.0.I20110519-0100,"",1329987823772
activated,workbench,org.eclipse.ui.workbench,3.7.0.I20110519-0100,"",1329987824829
closed,workbench,org.eclipse.ui.workbench,3.7.0.I20110519-0100,"",1329987825266
started,bundle,org.eclipse.compare,3.5.201.R37x_v20110817-0800,"org.eclipse.compare",1329987825843
stopped,bundle,org.eclipse.m2e.logback.configuration,1.0.100.20110804-1717,"org.eclipse.m2e.logback.configuration",1329987826701
stopped,bundle,org.eclipse.m2e.discovery,1.0.100.20110804-1717,"org.eclipse.m2e.discovery",1329987826701
stopped,bundle,org.eclipse.m2e.refactoring,1.0.100.20110804-1717,"org.eclipse.m2e.refactoring",1329987826701
stopped,bundle,org.eclipse.m2e.editor,1.0.100.20110804-1717,"org.eclipse.m2e.editor",1329987826716
stopped,bundle,org.eclipse.m2e.editor.xml,1.0.100.20110804-1717,"org.eclipse.m2e.editor.xml",1329987826716
stopped,bundle,org.eclipse.m2e.jdt,1.0.100.20110804-1717,"org.eclipse.m2e.jdt",1329987826716
stopped,bundle,org.eclipse.m2e.launching,1.0.100.20110804-1717,"org.eclipse.m2e.launching",1329987826716
stopped,bundle,org.eclipse.m2e.usagedata,1.0.100.20110804-1717,"org.eclipse.m2e.usagedata",1329987826716
stopped,bundle,org.eclipse.jst.j2ee.xdoclet.runtime,1.1.300.v201004280700,"org.eclipse.jst.j2ee.xdoclet.runtime",1329987826716
stopped,bundle,org.eclipse.jst.j2ee.ejb.annotations.xdoclet,1.2.200.v201103302125,"org.eclipse.jst.j2ee.ejb.annotations.xdoclet",1329987826732
stopped,bundle,org.eclipse.datatools.enablement.sybase.asa.schemaobjecteditor.examples,2.5.0.200810071,"org.eclipse.datatools.enablement.sybase.asa.schemaobjecteditor.examples",1329987826732
stopped,bundle,org.eclipse.datatools.sqltools.schemaobjecteditor.ui.pages,1.1.0.200810071,"org.eclipse.datatools.sqltools.schemaobjecteditor.ui.pages",1329987826732
stopped,bundle,org.eclipse.datatools.sqltools.schemaobjecteditor.ui,1.1.1.200810071,"org.eclipse.datatools.sqltools.schemaobjecteditor.ui",1329987826732
stopped,bundle,org.eclipse.jst.jsf.apache.trinidad.tagsupport,1.1.200.v201104061711,"org.eclipse.jst.jsf.apache.trinidad.tagsupport",1329987826748
stopped,bundle,org.eclipse.jst.jsf.facesconfig.ui,1.2.2.v201103292152,"org.eclipse.jst.jsf.facesconfig.ui",1329987826748
stopped,bundle,org.eclipse.jst.jsf.facelet.ui,1.0.1.v201104032306,"org.eclipse.jst.jsf.facelet.ui",1329987826794
activated,perspective,org.eclipse.jdt.ui,,"org.eclipse.jdt.ui.JavaPerspective",1330432772338
started,bundle,org.eclipse.osgi,3.7.1.R37x_v20110808-1106,"org.eclipse.osgi",1330432772341
started,bundle,org.eclipse.equinox.simpleconfigurator,1.0.200.v20110502-1955,"org.eclipse.equinox.simpleconfigurator",1330432772361
started,bundle,com.ibm.icu,4.4.2.v20110208,"com.ibm.icu",1330432772469
started,bundle,org.eclipse.compare.core,3.5.200.I20110208-0800,"org.eclipse.compare.core",1330432772532
started,bundle,org.eclipse.core.contenttype,3.4.100.v20110423-0524,"org.eclipse.core.contenttype",1330432772591
started,bundle,org.eclipse.core.databinding.observable,1.4.0.I20110222-0800,"org.eclipse.core.databinding.observable",1330432772717
started,bundle,org.eclipse.core.expressions,3.4.300.v20110228,"org.eclipse.core.expressions",1330432772770
started,bundle,org.eclipse.core.filebuffers,3.5.200.v20110505-0800,"org.eclipse.core.filebuffers",1330432772804
started,bundle,org.eclipse.core.filesystem,1.3.100.v20110423-0524,"org.eclipse.core.filesystem",1330432772867
started,bundle,org.eclipse.core.jobs,3.5.100.v20110404,"org.eclipse.core.jobs",1330432772917
started,bundle,org.eclipse.core.net,1.2.100.I20110511-0800,"org.eclipse.core.net",1330432772953
started,bundle,org.eclipse.core.resources,3.7.100.v20110510-0712,"org.eclipse.core.resources",1330432773061
started,bundle,org.eclipse.core.runtime,3.7.0.v20110110,"org.eclipse.core.runtime",1330432773099
started,bundle,org.eclipse.core.runtime.compatibility,3.2.100.v20100505,"org.eclipse.core.runtime.compatibility",1330432773256
started,bundle,org.eclipse.core.runtime.compatibility.auth,3.2.200.v20110110,"org.eclipse.core.runtime.compatibility.auth",1330432773293
started,bundle,org.eclipse.core.variables,3.2.500.v20110511,"org.eclipse.core.variables",1330432773374
started,bundle,org.eclipse.debug.core,3.7.0.v20110518,"org.eclipse.debug.core",1330432773476
started,bundle,org.eclipse.epp.mpc.ui,1.1.1.I20110907-0947,"org.eclipse.epp.mpc.ui",1330432773504
started,bundle,org.eclipse.epp.usagedata.gathering,1.3.1.R201106061540,"org.eclipse.epp.usagedata.gathering",1330432773576
started,bundle,org.eclipse.epp.usagedata.recording,1.3.1.R201106061540,"org.eclipse.epp.usagedata.recording",1330432773649
started,bundle,org.eclipse.equinox.app,1.3.100.v20110321,"org.eclipse.equinox.app",1330432773671
started,bundle,org.eclipse.equinox.common,3.6.0.v20110523,"org.eclipse.equinox.common",1330432773724
started,bundle,org.eclipse.equinox.ds,1.3.1.R37x_v20110701,"org.eclipse.equinox.ds",1330432773740
started,bundle,org.eclipse.equinox.event,1.2.100.v20110502,"org.eclipse.equinox.event",1330432773780
started,bundle,org.eclipse.equinox.p2.core,2.1.0.v20110502-1955,"org.eclipse.equinox.p2.core",1330432773811
started,bundle,org.eclipse.equinox.p2.directorywatcher,1.0.300.v20110502-1955,"org.eclipse.equinox.p2.directorywatcher",1330432773847
started,bundle,org.eclipse.equinox.p2.engine,2.1.0.v20110511,"org.eclipse.equinox.p2.engine",1330432773898
started,bundle,org.eclipse.equinox.p2.metadata,2.1.0.v20110510,"org.eclipse.equinox.p2.metadata",1330432773924
started,bundle,org.eclipse.equinox.p2.metadata.repository,1.2.0.v20110511-1359,"org.eclipse.equinox.p2.metadata.repository",1330432773962
started,bundle,org.eclipse.equinox.p2.operations,2.1.0.v20110511-1821,"org.eclipse.equinox.p2.operations",1330432773995
started,bundle,org.eclipse.equinox.p2.reconciler.dropins,1.1.100.v20110510,"org.eclipse.equinox.p2.reconciler.dropins",1330432774018
started,bundle,org.eclipse.equinox.p2.repository,2.1.0.v20110601,"org.eclipse.equinox.p2.repository",1330432774116
started,bundle,org.eclipse.equinox.p2.ui.sdk.scheduler,1.0.100.v20110502-1955,"org.eclipse.equinox.p2.ui.sdk.scheduler",1330432774147
started,bundle,org.eclipse.equinox.p2.updatechecker,1.1.200.v20110502-1955,"org.eclipse.equinox.p2.updatechecker",1330432774188
started,bundle,org.eclipse.equinox.preferences,3.4.1.R37x_v20110725,"org.eclipse.equinox.preferences",1330432774213
started,bundle,org.eclipse.equinox.registry,3.5.101.R37x_v20110810-1611,"org.eclipse.equinox.registry",1330432774268
started,bundle,org.eclipse.equinox.security,1.1.1.R37x_v20110822-1018,"org.eclipse.equinox.security",1330432774353
started,bundle,org.eclipse.equinox.util,1.0.300.v20110502,"org.eclipse.equinox.util",1330432774406
started,bundle,org.eclipse.help,3.5.100.v20110426,"org.eclipse.help",1330432774453
started,bundle,org.eclipse.jdt.apt.core,3.3.500.v20110420-1015,"org.eclipse.jdt.apt.core",1330432774491
started,bundle,org.eclipse.jdt.apt.pluggable.core,1.0.400.v20110305-1450,"org.eclipse.jdt.apt.pluggable.core",1330432774556
started,bundle,org.eclipse.jdt.core,3.7.1.v_B76_R37x,"org.eclipse.jdt.core",1330432774622
started,bundle,org.eclipse.jdt.core.manipulation,1.4.0.v20110505-0800,"org.eclipse.jdt.core.manipulation",1330432774659
started,bundle,org.eclipse.jdt.launching,3.6.1.v20110803_r371,"org.eclipse.jdt.launching",1330432774787
started,bundle,org.eclipse.jdt.ui,3.7.1.r371_v20110824-0800,"org.eclipse.jdt.ui",1330432774787
started,bundle,org.eclipse.jface,3.7.0.I20110522-1430,"org.eclipse.jface",1330432774851
started,bundle,org.eclipse.ltk.core.refactoring,3.5.201.r371_v20110824-0800,"org.eclipse.ltk.core.refactoring",1330432774873
started,bundle,org.eclipse.ltk.ui.refactoring,3.6.0.v20110505-0800,"org.eclipse.ltk.ui.refactoring",1330432774899
started,bundle,org.eclipse.m2e.logback.configuration,1.0.100.20110804-1717,"org.eclipse.m2e.logback.configuration",1330432774929
started,bundle,org.eclipse.mylyn.bugzilla.core,3.6.2.v20110903-0100,"org.eclipse.mylyn.bugzilla.core",1330432774969
started,bundle,org.eclipse.mylyn.bugzilla.ui,3.6.0.v20110608-1400,"org.eclipse.mylyn.bugzilla.ui",1330432774983
started,bundle,org.eclipse.mylyn.commons.identity,0.8.0.v20110608-1400,"org.eclipse.mylyn.commons.identity",1330432775010
started,bundle,org.eclipse.mylyn.commons.net,3.6.0.v20110608-1400,"org.eclipse.mylyn.commons.net",1330432775010
started,bundle,org.eclipse.mylyn.commons.ui,3.6.1.v20110720-0100,"org.eclipse.mylyn.commons.ui",1330432775075
started,bundle,org.eclipse.mylyn.context.core,3.6.1.v20110720-0100,"org.eclipse.mylyn.context.core",1330432775107
started,bundle,org.eclipse.mylyn.context.ui,3.6.0.v20110608-1400,"org.eclipse.mylyn.context.ui",1330432775208
started,bundle,org.eclipse.mylyn.monitor.ui,3.6.0.v20110608-1400,"org.eclipse.mylyn.monitor.ui",1330432775261
started,bundle,org.eclipse.mylyn.tasks.ui,3.6.2.v20110826-0100,"org.eclipse.mylyn.tasks.ui",1330432775343
started,bundle,org.eclipse.mylyn.team.ui,3.6.1.v20110825-0100,"org.eclipse.mylyn.team.ui",1330432775421
started,bundle,org.eclipse.search,3.7.0.v20110505-0800,"org.eclipse.search",1330432775513
started,bundle,org.eclipse.team.core,3.6.0.I20110525-0800,"org.eclipse.team.core",1330432775549
started,bundle,org.eclipse.ui,3.7.0.I20110602-0100,"org.eclipse.ui",1330432775668
started,bundle,org.eclipse.ui.editors,3.7.0.v20110517-0800,"org.eclipse.ui.editors",1330432775668
started,bundle,org.eclipse.ui.forms,3.5.100.v20110425,"org.eclipse.ui.forms",1330432775755
started,bundle,org.eclipse.ui.ide,3.7.0.v20110809-1737,"org.eclipse.ui.ide",1330432775844
started,bundle,org.eclipse.ui.net,1.2.100.I20110511-0800,"org.eclipse.ui.net",1330432775878
started,bundle,org.eclipse.ui.views,3.6.0.I20110412-0800,"org.eclipse.ui.views",1330432775919
started,bundle,org.eclipse.ui.workbench,3.7.0.I20110519-0100,"org.eclipse.ui.workbench",1330432775996
started,bundle,org.eclipse.ui.workbench.texteditor,3.7.0.v20110505-0800,"org.eclipse.ui.workbench.texteditor",1330432776101
started,bundle,org.eclipse.update.configurator,3.3.100.v20100512,"org.eclipse.update.configurator",1330432776133
started,bundle,org.eclipse.update.core,3.2.500.v20110330,"org.eclipse.update.core",1330432776285
started,bundle,org.eclipse.update.scheduler,3.2.300.v20100512,"org.eclipse.update.scheduler",1330432776332
started,bundle,org.eclipse.wst.common.project.facet.core,1.4.200.v201103170332,"org.eclipse.wst.common.project.facet.core",1330432776424
started,bundle,org.eclipse.jst.ws.jaxws.utils,1.0.0.v201004171919,"org.eclipse.jst.ws.jaxws.utils",1330432776485
started,bundle,org.eclipse.wst.web,1.1.500.v201104251400,"org.eclipse.wst.web",1330432776547
started,bundle,com.google.gdt.eclipse.designer,2.4.2.r37x201110181239,"com.google.gdt.eclipse.designer",1330432776613
started,bundle,com.google.gdt.eclipse.designer.GXT,2.4.2.r37x201110181249,"com.google.gdt.eclipse.designer.GXT",1330432776632
started,bundle,com.google.gdt.eclipse.designer.SmartGWT,2.4.2.r37x201110181249,"com.google.gdt.eclipse.designer.SmartGWT",1330432776660
started,bundle,com.google.gdt.eclipse.designer.UiBinder,2.4.2.r37x201110181239,"com.google.gdt.eclipse.designer.UiBinder",1330432776675
started,bundle,com.google.gdt.eclipse.designer.hosted,2.4.2.r37x201110181233,"com.google.gdt.eclipse.designer.hosted",1330432776691
started,bundle,org.eclipse.wb.core,1.2.0.r37x201109270310,"org.eclipse.wb.core",1330432776737
started,bundle,org.eclipse.wb.core.lib,1.2.0.r37x201109270310,"org.eclipse.wb.core.lib",1330432776768
started,bundle,org.eclipse.wb.discovery.core,1.2.0.r37x201109270333,"org.eclipse.wb.discovery.core",1330432776850
os,sysinfo,,,"win32",1330432776860
arch,sysinfo,,,"x86",1330432776860
ws,sysinfo,,,"win32",1330432776860
locale,sysinfo,,,"en_US",1330432776860
processors,sysinfo,,,"2",1330432776860
java.runtime.name,sysinfo,,,"Java(TM) SE Runtime Environment",1330432776860
java.runtime.version,sysinfo,,,"1.7.0_02-b13",1330432776860
java.specification.name,sysinfo,,,"Java Platform API Specification",1330432776860
java.specification.vendor,sysinfo,,,"Oracle Corporation",1330432776860
java.specification.version,sysinfo,,,"1.7",1330432776860
java.vendor,sysinfo,,,"Oracle Corporation",1330432776860
java.version,sysinfo,,,"1.7.0_02",1330432776860
java.vm.info,sysinfo,,,"mixed mode, sharing",1330432776860
java.vm.name,sysinfo,,,"Java HotSpot(TM) Client VM",1330432776860
java.vm.specification.name,sysinfo,,,"Java Virtual Machine Specification",1330432776860
java.vm.specification.vendor,sysinfo,,,"Oracle Corporation",1330432776860
java.vm.specification.version,sysinfo,,,"1.7",1330432776860
java.vm.vendor,sysinfo,,,"Oracle Corporation",1330432776860
java.vm.version,sysinfo,,,"22.0-b10",1330432776860
started,bundle,org.eclipse.m2e.usagedata,1.0.100.20110804-1717,"org.eclipse.m2e.usagedata",1330432776974
started,bundle,org.eclipse.emf.ecore.xmi,2.7.0.v20110520-1406,"org.eclipse.emf.ecore.xmi",1330432777248
started,bundle,org.eclipse.jst.common.project.facet.core,1.4.200.v201103170302,"org.eclipse.jst.common.project.facet.core",1330432778782
started,bundle,org.eclipse.jsch.core,1.1.300.I20110514-0800,"org.eclipse.jsch.core",1330432778785
started,bundle,org.eclipse.team.cvs.core,3.3.400.I20110510-0800,"org.eclipse.team.cvs.core",1330432778816
started,bundle,org.eclipse.epp.usagedata.ui,1.3.1.R201106061540,"org.eclipse.epp.usagedata.ui",1330432778865
started,bundle,org.eclipse.jst.ws.jaxrs.core,1.0.301.v201108240656,"org.eclipse.jst.ws.jaxrs.core",1330432778868
started,bundle,org.eclipse.team.ui,3.6.100.I20110525-0800,"org.eclipse.team.ui",1330432779015
started,bundle,org.eclipse.ui.console,3.5.100.v20110511,"org.eclipse.ui.console",1330432779145
started,bundle,org.eclipse.team.cvs.ui,3.3.400.I20110510-0800,"org.eclipse.team.cvs.ui",1330432779353
deactivated,workbench,org.eclipse.ui.workbench,3.7.0.I20110519-0100,"",1330432781412
started,bundle,org.eclipse.wb.discovery.ui,1.2.0.r37x201109270333,"org.eclipse.wb.discovery.ui",1330432781500
activated,workbench,org.eclipse.ui.workbench,3.7.0.I20110519-0100,"",1330432785463
opened,editor,org.eclipse.jdt.ui,3.7.1.r371_v20110824-0800,"org.eclipse.jdt.ui.CompilationUnitEditor",1330432794912
activated,editor,org.eclipse.jdt.ui,3.7.1.r371_v20110824-0800,"org.eclipse.jdt.ui.CompilationUnitEditor",1330432795049
started,bundle,org.eclipse.pde.launching,3.6.0.v20110506,"org.eclipse.pde.launching",1330432796290
started,bundle,org.eclipse.ui.views.log,1.0.200.v20110404,"org.eclipse.ui.views.log",1330432796382
started,bundle,org.eclipse.pde.ui,3.6.100.v20110603,"org.eclipse.pde.ui",1330432796396
opened,view,org.eclipse.jdt.ui,3.7.1.r371_v20110824-0800,"org.eclipse.jdt.ui.PackageExplorer",1330432796853
started,bundle,org.eclipse.jgit,1.1.0.201109151100-r,"org.eclipse.jgit",1330432797365
started,bundle,org.eclipse.egit.core,1.1.0.201109151100-r,"org.eclipse.egit.core",1330432797724
started,bundle,org.eclipse.egit.ui,1.1.0.201109151100-r,"org.eclipse.egit.ui",1330432798124
opened,view,org.eclipse.mylyn.tasks.ui,3.6.2.v20110826-0100,"org.eclipse.mylyn.tasks.ui.views.tasks",1330432798702
opened,view,org.eclipse.ui.views,3.6.0.I20110412-0800,"org.eclipse.ui.views.ContentOutline",1330432799149
activated,view,org.eclipse.jdt.ui,3.7.1.r371_v20110824-0800,"org.eclipse.jdt.ui.PackageExplorer",1330432799327
started,bundle,org.eclipse.wb.os,1.2.0.r37x201109270310,"org.eclipse.wb.os",1330432799361
started,bundle,org.eclipse.wb.os.win32,1.2.0.r37x201109270310,"org.eclipse.wb.os.win32",1330432799448
deactivated,workbench,org.eclipse.ui.workbench,3.7.0.I20110519-0100,"",1330432805317
activated,workbench,org.eclipse.ui.workbench,3.7.0.I20110519-0100,"",1330432808247
executed,command,org.eclipse.ui.ide,3.7.0.v20110809-1737,"org.eclipse.ui.edit.text.openLocalFile",1330432808331
activated,editor,org.eclipse.jdt.ui,3.7.1.r371_v20110824-0800,"org.eclipse.jdt.ui.CompilationUnitEditor",1330432809756
deactivated,workbench,org.eclipse.ui.workbench,3.7.0.I20110519-0100,"",1330432829561
activated,workbench,org.eclipse.ui.workbench,3.7.0.I20110519-0100,"",1330432837351
executed,command,org.eclipse.ui.ide,3.7.0.v20110809-1737,"org.eclipse.ui.edit.text.openLocalFile",1330432837497
deactivated,workbench,org.eclipse.ui.workbench,3.7.0.I20110519-0100,"",1330432840261
activated,workbench,org.eclipse.ui.workbench,3.7.0.I20110519-0100,"",1330432859089
executed,command,org.eclipse.ui,3.7.0.I20110602-0100,"org.eclipse.ui.file.import",1330432859127
started,bundle,org.eclipse.wst.server.core,1.1.303.v20110816_1717,"org.eclipse.wst.server.core",1330432859981
started,bundle,org.eclipse.pde.core,3.7.1.v20110822-2108,"org.eclipse.pde.core",1330432860422
activated,view,org.eclipse.jdt.ui,3.7.1.r371_v20110824-0800,"org.eclipse.jdt.ui.PackageExplorer",1330432860557
started,bundle,org.eclipse.wst.jsdt.core,1.1.101.v201108151912,"org.eclipse.wst.jsdt.core",1330432861623
activated,editor,org.eclipse.jdt.ui,3.7.1.r371_v20110824-0800,"org.eclipse.jdt.ui.CompilationUnitEditor",1330432866465
closed,editor,org.eclipse.jdt.ui,3.7.1.r371_v20110824-0800,"org.eclipse.jdt.ui.CompilationUnitEditor",1330432866506
opened,editor,org.eclipse.jdt.ui,3.7.1.r371_v20110824-0800,"org.eclipse.jdt.ui.CompilationUnitEditor",1330432867796
activated,editor,org.eclipse.jdt.ui,3.7.1.r371_v20110824-0800,"org.eclipse.jdt.ui.CompilationUnitEditor",1330432868023
closed,editor,org.eclipse.jdt.ui,3.7.1.r371_v20110824-0800,"org.eclipse.jdt.ui.CompilationUnitEditor",1330432868024
activated,view,org.eclipse.jdt.ui,3.7.1.r371_v20110824-0800,"org.eclipse.jdt.ui.PackageExplorer",1330432869442
closed,editor,org.eclipse.jdt.ui,3.7.1.r371_v20110824-0800,"org.eclipse.jdt.ui.CompilationUnitEditor",1330432869442
opened,editor,org.eclipse.jdt.ui,3.7.1.r371_v20110824-0800,"org.eclipse.jdt.ui.CompilationUnitEditor",1330432871313
activated,editor,org.eclipse.jdt.ui,3.7.1.r371_v20110824-0800,"org.eclipse.jdt.ui.CompilationUnitEditor",1330432871511
activated,view,org.eclipse.jdt.ui,3.7.1.r371_v20110824-0800,"org.eclipse.jdt.ui.PackageExplorer",1330432875936
opened,editor,org.eclipse.jdt.ui,3.7.1.r371_v20110824-0800,"org.eclipse.jdt.ui.CompilationUnitEditor",1330432876462
activated,editor,org.eclipse.jdt.ui,3.7.1.r371_v20110824-0800,"org.eclipse.jdt.ui.CompilationUnitEditor",1330432876851
activated,view,org.eclipse.jdt.ui,3.7.1.r371_v20110824-0800,"org.eclipse.jdt.ui.PackageExplorer",1330432877451
opened,editor,org.eclipse.jdt.ui,3.7.1.r371_v20110824-0800,"org.eclipse.jdt.ui.CompilationUnitEditor",1330432877756
activated,editor,org.eclipse.jdt.ui,3.7.1.r371_v20110824-0800,"org.eclipse.jdt.ui.CompilationUnitEditor",1330432878011
activated,view,org.eclipse.jdt.ui,3.7.1.r371_v20110824-0800,"org.eclipse.jdt.ui.PackageExplorer",1330432878863
activated,editor,org.eclipse.jdt.ui,3.7.1.r371_v20110824-0800,"org.eclipse.jdt.ui.CompilationUnitEditor",1330432880874
activated,editor,org.eclipse.jdt.ui,3.7.1.r371_v20110824-0800,"org.eclipse.jdt.ui.CompilationUnitEditor",1330432893436
activated,editor,org.eclipse.jdt.ui,3.7.1.r371_v20110824-0800,"org.eclipse.jdt.ui.CompilationUnitEditor",1330432905404
activated,editor,org.eclipse.jdt.ui,3.7.1.r371_v20110824-0800,"org.eclipse.jdt.ui.CompilationUnitEditor",1330432908017
activated,editor,org.eclipse.jdt.ui,3.7.1.r371_v20110824-0800,"org.eclipse.jdt.ui.CompilationUnitEditor",1330432943011
deactivated,workbench,org.eclipse.ui.workbench,3.7.0.I20110519-0100,"",1330432961542
activated,workbench,org.eclipse.ui.workbench,3.7.0.I20110519-0100,"",1330432964827
deactivated,workbench,org.eclipse.ui.workbench,3.7.0.I20110519-0100,"",1330433106399
activated,workbench,org.eclipse.ui.workbench,3.7.0.I20110519-0100,"",1330433107575
closed,workbench,org.eclipse.ui.workbench,3.7.0.I20110519-0100,"",1330433108191
started,bundle,org.eclipse.equinox.p2.garbagecollector,1.0.200.v20110510,"org.eclipse.equinox.p2.garbagecollector",1330433108642
started,bundle,org.eclipse.compare,3.5.201.R37x_v20110817-0800,"org.eclipse.compare",1330433109271
stopped,bundle,org.eclipse.m2e.logback.configuration,1.0.100.20110804-1717,"org.eclipse.m2e.logback.configuration",1330433110896
stopped,bundle,org.eclipse.m2e.discovery,1.0.100.20110804-1717,"org.eclipse.m2e.discovery",1330433111032
stopped,bundle,org.eclipse.m2e.refactoring,1.0.100.20110804-1717,"org.eclipse.m2e.refactoring",1330433111101
